name,has_beat,beat
musical_symbol_half_note,1,2
musical_symbol_half_rest,1,2
musical_symbol_quarter_note,1,4
musical_symbol_quarter_rest,1,4
musical_symbol_eighth_note,1,8
musical_symbol_eighth_rest,1,8
musical_symbol_sixteenth_note,1,16
musical_symbol_sixteenth_rest,1,16
musical_symbol_thirty-second_note,1,32
musical_symbol_thirty-second_rest,1,32
musical_symbol_combining_augmentation_dot,1,-1
digit_zero,0,0
digit_one,0,0
digit_two,0,0
digit_three,0,0
digit_four,0,0
digit_five,0,0
digit_six,0,0
digit_seven,0,0
digit_eight,0,0
digit_nine,0,0
music_flat_sign,0,0
music_natural_sign,0,0
music_sharp_sign,0,0
musical_symbol_final_barline,0,0
musical_symbol_g_clef,0,0
